{"cameraMode":{"drawMode":0,"name":"Shaded","section":"Shading Mode"},"sceneLighting":true,"audioPlay":false,"sceneViewState":{"m_AlwaysRefresh":false,"showFog":true,"showSkybox":true,"showFlares":true,"showImageEffects":true,"showParticleSystems":true,"showVisualEffectGraphs":true,"m_FxEnabled":true},"in2DMode":false,"pivot":{"x":0.5623360872268677,"y":0.2199445366859436,"z":-4.161101341247559},"rotation":{"x":-0.008918817155063153,"y":-0.9910783767700195,"z":0.09843795001506806,"w":-0.08971624821424484},"size":2.030362367630005,"orthographic":false}