{"cameraMode":{"drawMode":0,"name":"Shaded","section":"Shading Mode"},"sceneLighting":true,"audioPlay":false,"sceneViewState":{"m_AlwaysRefresh":false,"showFog":true,"showSkybox":true,"showFlares":true,"showImageEffects":true,"showParticleSystems":true,"showVisualEffectGraphs":true,"m_FxEnabled":true},"in2DMode":false,"pivot":{"x":-0.06746566295623779,"y":-0.0736994743347168,"z":2.354797840118408},"rotation":{"x":-0.045393072068691257,"y":0.8929114937782288,"z":-0.4382956027984619,"w":-0.09247597306966782},"size":7.51908016204834,"orthographic":false}